tier,puuid
CHALLENGER,04jvm1XPMFlENcJ-ebTmmMiMUoB86FUg5UZREITiehVIc3Y38emUIEynHW1csuAs_9D1-SVTJtz1tg
CHALLENGER,sQqofW9ksABYrw6QSVf4QuGYygMiLBgQCx_g0zBdGlFOXpvaUMS4FU_eNuteqpqRVaKhg5T6nA6Ueg
CHALLENGER,l2cc7UaoDA1NXJveDKtErpKije6BJT87DbfGks6VwkdjJN4sX_3zzLhMoomKtf3HopGdoJE5Sj1Fgg
CHALLENGER,ozqIGKflnwVIP6pGkJyY3lg3De0ouGTiXBfxHpQEaaQ6FzJpT395fIFt1OpIPogE9u3K9l1DbhMWhQ
CHALLENGER,B4GXXnx30qqI5edG7-1e48mkvDymmg4oeOmxNJi8x2wqU0UlTxJAWQi2sz2puTOCSTIOqAE8BFSM1g
CHALLENGER,PD52ixQZzaArEr0szCJk_2JOwIZvZX2YlkFn476lvKMVCmBlYzLf40VpM8Yka2hlEc1l2Tsu1NBlVg
CHALLENGER,Sxv7nxiyv2-H4qXtt7ML9TNZenj6yQbAwABaqouljMjyULaEHCFqfYNRB8I1daC0MpP2tf3-KGY9Ow
CHALLENGER,NBT3oqzB0IQNFyIGef-5_5T2ororkESW0ShlR3dslkZW7ojC0dCswCbWfvJB0mLvznDc_13YlHDLBg
CHALLENGER,E33PeI2J5eR9Cu5fCmv_zRgNHH1dzQV9bFSUi-XuE0KbgoWeLFXldA11-4syODX62xVP8v9X8GMrug
CHALLENGER,4Z4ihkiOiMnI8xJgxnrtiYzoACDgwC0fn-wlcLlnC1JYMRYwg4stUWUIQ7awbcNQowX-NCxFCz2v_g
CHALLENGER,Y6Zyl1RCy-So8v-2-PYmufTqdpaO3WJC64iEJHHKSIGqwOJ-VL8cO21WSC-CUhSWW5oLzwlH5TRwAA
CHALLENGER,KZeK429FHwl-y5TNCT13dkPGP1Cc9Zb_rTyCj9r9XC3b60Mh4ZAMAxX5MsII9Y6S_5hg6KxjxRsQuw
CHALLENGER,PjFa7vRnr_qlrMAQmiwoUJB21ZCZd3hiMstaLdc0-YFzPyDIIbLQgXgvX6Ef6NB9zhw_7fVhiwf9ig
CHALLENGER,VFZovKilTNSeI6Au_E5seAH5vPPHZ01ZQMmnvaQOOQ_l5n6rabtwhgf4FVgd06nci6arjhlY4MR4TA
CHALLENGER,xoU6MiGyAGejKIetnhm5yK_-6wjlUj0bhhnLgcNPc4A2ZS9kbLPnKJCUImjiQ_JGUoPVTMk9mQ20Ow
CHALLENGER,DyACLN5U46PbgRqqwnAEFugj0BrdNVeMgwMaRirtj_RNOxVX8epH8uOxQmRVFggzz_rDPj-JFcLtyg
CHALLENGER,PFrcOEwEQ5YrD9H84zVENAFMNPwJryxsAsyBVT9Bv6h0c7es80DdfsNN1U2Hu7BiwxjV3C9GWLgY0Q
CHALLENGER,VtpEBKyLrE0-50U_ZN4Q551poZy7dFCaPRxl4ZsorV8HyNVNCMmQadhaW19JnTgMKEdo8juibPwweQ
CHALLENGER,EYGigFPBofGmQRFmwkvtknL_AcLTMz-3Kk8gC6eOxjAq78qgytXF69RLi7B4IyPbEGi56ooSmO3FDA
CHALLENGER,j1Hv5DNbpMXhDBasGX2oaMmdwTLCxNV40PtHNyIwtiQSd725OECwjuh1YrOWBe48YfdrSW4xEOXXRg
CHALLENGER,qpa0mI_Lrq-bNXYulj6aigPA29QeMR6nG-wOjIDxo6r_AlZVmBMKMHWpz8RjFqk9CrsdNmh6eM6HOw
CHALLENGER,-oViaVmuxUj_a1YikPiR63OoSDNzHme8cTfU3_tMvyVXnR9dA7kSxCrD-_GehBQmqkWwdkLo8kR74w
CHALLENGER,iFSZQBIHDbxrQIQxNxc2-pc7Wi7HylRhVPXI2m-X6QK0b1Uror6_hU-bDobBbjULgNEoz6tEVhm3ig
CHALLENGER,TWn6OgHo3JMR4pDuPBlnqRKGHgM1QwJ8_FQOVDr4X2RPX0txUurc9xc57veK0uQ8twLKptRAjP7l4Q
CHALLENGER,-HAmNN_aY6IR29PjTurb5yRPWpKB1Gd0Jtz1s5s_ZyyWh0BMJOsMpUFodtZEsZzStMoWr0hGGeAASg
CHALLENGER,gVNEzWYDRa2epjXbXO1cX8pcoWfP5MfAwcPVPXf6Di0Mxovbp7SuC4vX6lc7Rn352V8HYz2Vhf-CAg
CHALLENGER,809uFsNswZPtwQ8pi9XE3AFz48QXof47343O8GRFYjSKLP_wirY6vmwPbu0f5gMfATJoG3d7-bqc1w
CHALLENGER,dGHcM7bOXeE3uF8C8V8e3Vawaee-CMZMA_KFsy4bL_U6cdD2i38EEPRTAMPllIc42Iy2K8jF5tzWOA
CHALLENGER,ZV6mgkqhgSMVZIAJy_hUYU56RGuZd0wQGMrXdo1LYhWOI9lviynvtC0YcGQTU4eDGzESvbKKfSMIAA
CHALLENGER,t_rEzvIdnPJgMk_wPhIaUmRyxxfP7dqy5nXSamNtoAzkQx_J4MVjw0H2zpGajvo3LgA24Hlfd5GQZg
CHALLENGER,0WuxGChTGycAPEetYFRPdt84OM-SHkSsVFyl17zIq2GZjE1nvPrqcVpzee2kPe1gUIjRRT4mQdzfVw
CHALLENGER,e6rmU0O4q1Im4JepRlSHj7dPSkB-KfIBkLCdTtbU_Uf-N9C9RNIzQgnEudZmddRN3DsOfr3lHnYydg
CHALLENGER,q5I9HH7FYXhbIgHT9sw-IfUISziNdze2XF-ZSPouwQdi5Qtid0AzSNsgYf4U6ftKuDKGlWN1yIFRbA
CHALLENGER,9rK53l1YnT51sJwU0YPmWHLqeueOt8WrXgJqb39V57M_Ua3TapORTvKGuFwB2XMuMfZb01BrkC4mXA
CHALLENGER,dB8rlAQuoEW8RUUviPIlw9EZ5d0BOm-0tdHZR5oAoGNYR9yt6S9wNe94ccXKWd_1FxKPqqInu9KAZA
CHALLENGER,bLhWwEAuQasq8KFP3z7VNuP9RyMJp_UHIxj5kUoIdF1w9IxGKku6NDdAWEWn6h8hmJkXNVB-Vh7qXA
CHALLENGER,jYnd6XKw_XJLJdLgM9hsrJvI2PD2ef1H2TMyfMf-9AQZ3xSJM_TyAURNQhyu1gpLo77kYsYyXGJ73A
CHALLENGER,UdZPGNIiVVjTyhfOoNdHJ_NRz3kKvoUVlGInHziXPuvBWte3Ls80f_k1VDBfNW7r_qFCHHMk9SbYOQ
CHALLENGER,zJt3x0U29qpKp5ZeZ_0SMyowgwfjTO5vU96bvH8olnUC2UhjnPqnidcmsJtLJYPrhrrX_Oo33NCiHg
CHALLENGER,wvql21msKTaHq2lQjc6CA8ZEHnOKuDzPJaIwYicrhuLc3O0fTjvhipzCBylgAOQzfjXKEqLk_MIllQ
CHALLENGER,5FIVrXeUb6P0c1vSPn_KG6kkU-rwepNKE_qxsSBxcHmuUT3EnovNL9u7Vuwx-eFvlx2rhTinmpz1Ew
CHALLENGER,UY3AkWHH0zvC1sRlzZA-E0UUky8UNIyT6pMmVNl57O4-Cvi_9DlDgHDyPPi6z_oB7YHgEMwPMdWFmA
CHALLENGER,V4_3zrA8Xy2SwgfMCLDpxbhwFI9LYI7NEHptrSTbnvflPovSNtup5XvCjXmw_gV5r0_poSjx9Pkapw
CHALLENGER,brrbiYYOiu_l26NpXtV7hMdr8nqUrJ10pqewuvdPLMtqh9rID0H3LQucBoFFDoV6JViylgkdlPGovg
CHALLENGER,-Amq5NqQA_3b7-e8HayZF8RurxWrGsP9p5Se_lR0JxlrLyfFJze4aGXYd8P4E2mvrPJxOE-hQhbJ8Q
CHALLENGER,eeVXFkGcFnFSYe-jS88HC4pwuQ2xxlJzyy5tKQJBbDdbNnn75TY_6z8qkQQUahIvgEptHkJkW2q6hw
CHALLENGER,AJAwtz7YKm9WyvcUOqa7NW-1ONiWw4sVr8doSXixQttVKGnA1KdDtGbTzb-rglWwBQBE4URozixSPA
CHALLENGER,e46j-6iS4bSC3UtW-1u_yNLFhsz4C5FwVVxE_3JBI4VDNC_8JlJWzoSExCnljbhPSnVbh22oI3p8zg
CHALLENGER,Y4apAQsuvsmnYY0G2rdAHVjXJu9C306UifR3JGfBqefnSbZexNV0hgZlxiv7VFeril6u8iItW7omsQ
CHALLENGER,oTZqN98nuaPDYfQ8aJuU6eL0hQ0XqagdJ95nJVHV1dyetxafRrKv31LbtEuCGoD0thaqIQb3EoGGXg
CHALLENGER,xONoZpNb-EMPl6zd9w3ig4CQIE-g-_heKjnLr1ZlGrTwULShqaKErkhoxJsnHu7aDLlLNf3eRAS98A
CHALLENGER,0U39ShIVol-uN3LDF0dnWp54U2HNSeHGofvNraewlzn6aHh9_pIkGNVNP5u2lnVm0QKb8zy7AhGNZA
CHALLENGER,XGzgDi5dEYUD2u5H5h2hbT115E21BB-Sm57yQqnBtB4-iEWx6XKWkf4y5PzcvjQ19vim9BbfZYT5cw
CHALLENGER,FFUdjHSstES7ynVCc2tfgybPUe6FW3wwn_IyQYfttwknK0y07JrQJ5hPEbfJ5Ig7jfXb4UDejI-OXA
CHALLENGER,m7PEPibP98cyWpeilKX9tadz9g5FlwFn1qvbQHL9CHnAJejp-SnepFSmkZ143UN4xv7KKiaYS71ulw
CHALLENGER,Ul555I7TaIE2BAJ_nWP4ylrqm3tRlkm2SahgHCyDyiBdO1VIbmuKgOtk2s64colQONiBjRd-OPihJg
CHALLENGER,aHI23Co8BPG79QqGB6yn6N4Dhr1l033FS9XR9GpQdM8Evs0IygCOMKt5gSqqiYGFzx21H4H_gzzwtA
CHALLENGER,OQ2CMrrBcUuBJNRrosAKM9Sn2JLvX5SNPHcaakKwS0jnG-3aDB6JNRvJttFwfMo1FDaNMPkw7fL1Ng
CHALLENGER,TJve0CH28wS_4BQ4b0I0qnuxXRXpCG4xSVuLBUoI_YQmQTBKAqdqXaEsI1rn6JBc8J5RW8tyiZ3Akg
CHALLENGER,rNwX54Qt_e-YCBAiNw6AMpHv1rnmo-e9gVUjsDT00EXwpWRMfaj2cLhkCXTKb-zBd0K5vBiBCB7KXQ
CHALLENGER,F2FAEIVqPPxyctRruAmVmvhTwCqREcI_6p37iPZSfXvH0m4iwREGqj8BmatGKxLVHnxGJEVqGhC4dg
CHALLENGER,pafxce7llnJDUsQJQ83p2QDy8hIYPzUVLkDkWUo8ow57aTRJJIRhet-Zl_MeUuO80jb1hCx7S_Aptg
CHALLENGER,CbeCi1w0UQv5T4n9LhJAul7LGbe-gcyRmQKkO04Qt4aO3msrQdiN4eSxbjxhbsJ5vYuRTaZ719b5-A
CHALLENGER,rG8Ntt8paExGpDKbHbTTLIOXqYWXa4rXeErmzPo6hf8qJzjyF4ZP2-p-iRM0_kUTycrNpBLIk00_Cg
CHALLENGER,IiDpyqjbGeXcJ9qddzyh4w6BuSQx1Gj-v1M6cNWL8pwhLp1j4Wd6Romfb5bwy9_YLf0otFVfEz1MZg
CHALLENGER,60FTalFs7_wgtk-U9_XjORRI5XC7dtV0sFiIMc4tA881HF7O7hviXqtw8nBlcunDQhouNl-xbOOHtw
CHALLENGER,yNUc-bZtR-1IAqjSqqUOksfBMEK-6GFdzuopIdoJT4HCcNNpfKvhSYQ-7xJS5VNN1AeBB5LoIWMrGw
CHALLENGER,n6zVEuDf6abwe6midRMB1me4NkI_IFpDH8b5Vsf-Q3yk9wmLdguOxViJhORk28eTh7hH7t1zq8VAwQ
CHALLENGER,-P4tgg5idLx3zoTjLC9QlKt_4igdQWTnVbDoK9UJUWgLIh4uvznAZB4DO1hxZ8eDzfYraohlIbN1wg
CHALLENGER,2FFQCPvZRv6Ux_7nSt245Sw77t_-MgKykOf2FtiMn3-FF22yY3WfkFKhdbP66Mc7moB1_bHZ5uhTlw
CHALLENGER,CrnV75p_y5JeIcNeDF5gx6BsWlggv4zRztvxFNrClwp67B33WSJAbq24rTbSzzgqXPiAVBem0N_tag
CHALLENGER,nSaJ7Vk3TfnxgUOEO4Fj2jI6sKQ5IYrb6FWeDKMcNbY88uMMxEBU7VsmHfqqOG0ccgW_pfLqgX6hGA
CHALLENGER,FN59UNA2APB8hT3g6I6z0_zdro49FLnQZROuO52H_zLunPjLJLdOd6JAYadPF8MH5DgZugQ8Sm7Ctw
CHALLENGER,tQBbRJKw91ZN5dPSzUdTvd7Wnw1u6BXvJhTbfnER9FHL09hitcA-Dv4psw3JqXr9gglZyFtdZAyTEQ
CHALLENGER,_VLlGH2luNBYHxF4HyWTFLlcnoBapwvfJYlSVUafn7rYjvOnm59DC9evq5n5Un3HZU6ll35kXyxyug
CHALLENGER,RsNR-2BAYcKZmkRJdtBSMphObGGeMOJwjjweNKtdkhVEojuL_a_e2W05o8HKkzDqU72YAIxiFf1Duw
CHALLENGER,lPYHMMRhHCiPjr3ld4wCxzRLO8Qcvm0kIo2uqRmovAwd7xXHPOWWlVorLOL0hUKbIrsuB46oT-eodQ
CHALLENGER,340Ehb2O6ik9QgN7hLVdAjLDDOw0AQ-QdEZmiE-1-55pbgCsRrYEGcExrqdDucmrkSW4aahZVjc_oQ
CHALLENGER,uh1rYo9bgyZIvGkGkzza5RqTp8UzD3yUm-wC_1hzvHaU-wDI0JMPsgY0XI5lqIUZh45N4a_KX-Raaw
CHALLENGER,hReE44R_N0p-4veL-LJLZZ7fq4m0t0sFRw0nLI5asm1vkYy8ddVqK3BpKVyamojPyNCf98QGTgsw9Q
CHALLENGER,zxAoMFW5Zf7v5zuNW2k__3xs-e8fn9U7EgBdZKKZz2NizCr2-TBFWQmaIuIPWgstYjH1BQuIBrqwtg
CHALLENGER,B0wSbYuwfx9HZrDmWHcLP0o5bBZjL5B_gUikOGx9sTxDkRGWqwgyxcs-Mas0VW5lSftt20Td8nyDSQ
CHALLENGER,i89N9SyhV7TQkgGXeUmmfx0Ie5C1dAXmGEXHSQ9RvqqaJr9WGD4AHNYwIgX2K-wYsTw8PpU15-SRqw
CHALLENGER,hc3j5_f7w6orHGoSDscCZV_Jg0co0mD1pNaVcPNblCpB4wS-l_RlpUhZ5rXZbPk2VqCN8hfleOH50g
CHALLENGER,h4945Evf_duE0F-LYX9ciQ1n2y0QYIus585SKowY8dhye1k1_SjlTtRUeC7P-0lpFc2annIk2SWyOg
CHALLENGER,1W0uGgPYY3M5jgI0eKuAdXdwNhcvrsk8WPPWNL3g-rjol1MJf2ETP-5Tus0JXr5jp0n-MsPJazcmHw
CHALLENGER,0S6d9iht3wINvSNJbHgtIjAMcpBPil9pZEmIQhX5u5XQXOgJPj9Z5LfQ9sz94TnAL_KNWVnxSBjVfw
CHALLENGER,SjoENWltnoErnv_C86Q5OWCwbBuTADi_yfNVtyLl2dMjjnzd_3i5gYtE1xLdqQ91C6fCRYIaqKHcjQ
CHALLENGER,ZGin5Nlr4bUiIiWsm3OCiNbmWNIW-CyQqwzyX7STe3Di0IdM16nWUpPVQYs93v4Drx8rXn64v7zdAQ
CHALLENGER,r7iEpQn_8hqz1O69VEFIEQjrz-F55RPh9sIAvhwVAEgucdmvH7Y9Xm9MkfJajrZniEsv1XrKNX1nug
CHALLENGER,brf5nuk2l91ib3qD2cIsjNfIYOqksC8BteEjptVuiRzlAnbvOlfeZChkpvb295dZEp9nuSVZ_g6Wvg
CHALLENGER,gO42f_UMijCCn3gCZKwYpasVkOjpSA2xx8pc-nficpcDzeBlXarK0IxUoPauHdzvfxDJ3YCv2_ghGQ
CHALLENGER,w8fjnQOsOB0o3Mf3lMpil3Eh_ld-AHbAicx4XVrv5fZT8d7ma3i-MSKPKrHnUB295--xpy-VLNtwAg
CHALLENGER,TKSeohrNwDaFkMFbw2MEi9KKl4kF09m9V-JndHHiSVmAyjAo4yUFj137X0O2xYwJHgjQdur-dS7GTQ
CHALLENGER,SFeRENGewEos9YXN14kZf4ru6cxJEn3RG3uS00RCR7k29wlIut_j6VldKDC1jX3FPOvac1NEt63-Cg
CHALLENGER,tOYk6P_HAcHtTiX9hNSFlaPd1mAD5kz66KwCSNk1qvURbrC3Tr3ej4aPT4Zw9tB_68K6Tw5VEo6i8w
CHALLENGER,pehjORhF_jvOs1ia-B_52caR4bjSmJAVljRtzLbyvKrc1x-vmJICvlCWwuCs1FOWIRP91CCkG1JZXQ
CHALLENGER,1icz-fextzxYqSAoHSiuX1wfv6VeULTSiPG7JaUB8jDlUJz9pk-IsxFHTYftt3GVU0UyUpbhym61UA
CHALLENGER,YRvnXSR7X-Xk5j8X5UJF6ROyDuNVRYpKXYbsKhRAxlzUJdDVMvbCdprbZXZgBcvOiWM6kjmHoUMg-Q
CHALLENGER,-w1dQ32eqbJ6q5oVSYgwrE13kQCfezZJrFOenTc72Zcrp8ElvqxuU4H_AlTAuRtCE8YEUKv4L5owKw
CHALLENGER,eIMcFsSANQkMNbkq9QdSLRdd5o7s7upxhZMINFD3dSphGhSVHT5te0oNCFS952uSti2jEoF6ztAu9w
CHALLENGER,S9QnK39KdCLSgS3Z_Kr9Z9yJAtWiXv1wUPBFpyvP003C1P25COR7spjDIreo0zDSFEiB2FIn0FV0_Q
CHALLENGER,c3FCFBmBJY8BfOS5uSkEG75fnb4kr5QJ25ycx4UBWeVWokPR9ZuOIoNxfO3EAzPaO_MeTTKlqJL5Tg
CHALLENGER,QdKfnkMmOQ8etfy7lznUs0_ePPSOEyMIcVD_yni1Q-_5ZtLYVllP3iZ7eUg2nP1sOou46br9l2hK6A
CHALLENGER,0_aHZR7cvUwGWErOAS97w8t-5YKEBPumOXpNxEwQofz7qnfgUpYS9Ba7T9iaEsza3mYZnxDQNAjquA
CHALLENGER,ekQErLNhwN029my36o_O3R5xqhu4n14dcHFUVfGJQy3huZpTOQyNa5OTSeSDRQh-RKP5Rbcs8lmzCQ
CHALLENGER,PP-W9GrSUHaeyYcxflheNMHW-esO0SKwUTK-XxLperSljrnf5PajEHCRV_lIDeG2i3HuWqWkQvk1XA
CHALLENGER,c9Gaym5T8WGk8gRiD1XKAvyRgF6j3_vmHOin6CoCBp-UzMtj0JV18sCay62H3EHnf0pRstdo-yB2bQ
CHALLENGER,ieuKiVwwcWP2FYl0E7KT_RbBmFa8fLHioo5FfpbUFSsTuzt5Sg7YetxmM-dlAej_84udGhJm4u3QJg
CHALLENGER,Z9cngRZyQt9yMJfk4AQMjn-5mL8-DiVrsZa1dJkIYg8j_G_fWM791XWvTBYKLCZknsFdlMsCrClHBw
CHALLENGER,PCdA0kgdTRCcQM7VHyp5GXyEFjxW4NeuTiSagWP6_tBqTHyZqQ-F8w0y0iWrZu2ze-2p3FwaW0DXNA
CHALLENGER,XwY4_V9KTpQW-rIAjmw9dvAdHLqTa8BthQNBwsDhAyW9y6tG16cuFy8ds_AjvRVYdoWesy2qk-VcSQ
CHALLENGER,rizqSRVcDKQDjjJpqqmyEYKPH43e0v3WH9mr-gTaMkR3jdonb5sYk3ZjuyTBSN-_7jGy5Oe9E6BX-w
CHALLENGER,mi2MKVOCTy7fOHWzP6EBuz28nHNKgBaDh8_W6sKzfUPdVhfgCXAQnnjorqgPMV8q0xdItJ_ZmijVqg
CHALLENGER,8PgBh1scfbhTdWXjwMu8qBYfeji2n-MxEIgKWQnoLV2Au0aytya1hFmv8voXIxukViFLuL_9iICLBw
CHALLENGER,lLWrDI5gDFL8h0cDL66zBm1MB0AG0jDo5Ly1R1E_17uB3P1_LHF067OIwyMe0LJzGUD4O2wezmA5eQ
CHALLENGER,3cYR2VFVC5QM9GoYu9djc6oFmDSzXMYymImQ8jdiwQT2WyPAjY77UZFV5SWBzuJ5QXvsN3qi8hznsA
CHALLENGER,gPcSrQ8ANG6Vli-GrI9PU5ew91k6nmNWRfm8p77Pr4_yBRMN6Z8aRWBJxIvvPtPTGqsN0FIMBwovow
CHALLENGER,ZjGUyDSlubbD3VrZtMwedmkSdr6MjC4lFAGUx2L-_jl6fDZDBhGoTy2K2dL4chbZ9r3PXKOX3hhqlA
CHALLENGER,dAjJHlv5bynvqN5FG7fnrkX8ZABRAC8Ru5hE2riLmmuDuSegwj1FgnUcyx4bSrFN6rlc5kcyoBVmfQ
CHALLENGER,XT52L7V9z26NPJxfbNH8MYPwTlDBEsM4hcS-g2GufcXpvSyqMRPEu81qM09kNXHp4zpjoTS9Gte0qg
CHALLENGER,ivmwagdLIiWOUdcgXulkU6reuIna3YXnCKL9auOmjzh-F1YQreVzIDBZMsfVUwN1FqslgITGEVAc5A
CHALLENGER,gFS7xD_Ah7ayVyIYUWtVXdV85d1RoSmhS4fPT-CrYSfvNnKJ45MpEEZ2fjnrl5NUkhwEVjrZ1e6c6Q
CHALLENGER,jLwbmpx_8RT2sRUia7WgtxvCZSglACRsSXakBPXqd-1e0pVy-KmvmyO_AR3B90cZLa5-uqa_FO1N6w
CHALLENGER,_cheZaiX1GGLaFWenv1J6n3ya2wgoRMloGcpWXhbRxEK7iOfPrrcnfYpNREodnK38krhObWCLeGDsA
CHALLENGER,tQ3DaFJvVoREPG8BHpvJB9cRSoGP6ErrgCr0YDJDvrIT9j9OXWH0FFD2xL5z0K9RpHugeYzyHYHq-w
CHALLENGER,WJRvtF_2gRcYw-f7sXJbiVyQwQcQUlp135553wN5a6xsSo660630N_Dhzdw6SMrWO9IlKJ0-KKrMpQ
CHALLENGER,1MYalL-ENeve3PKQXxd8CE1_QMrDMDdikEXkr7-3hr3eaLfhIuQ14OBFwawDTDhFeYoVzo8qWjemzQ
CHALLENGER,_AnGrPxE3yuOsV4B1CxQ08j9V3Jw0cFeC3Bd77WC9W3drLed3ngG16OLqvfEFVvLYBQbKu4f0Y-iOg
CHALLENGER,TURZ2XAvWXd36IYFTWNuCCpAN_HcOqtrpBoKlLh2tRylVSCQToMN1PMrcYL5h5ZsF7aYrwLYpUIm2w
CHALLENGER,7CiVISGCA0V1nI1P8nQmWndoFSGQqS7Q8fuOy2sCBMcSbmY9ZlKKW9SUyMRrhAmbKMLg6rWyHEtZ0A
CHALLENGER,Nsez2zEaiO2fUcX2RF0Rfu5QS46PszpBJmcr0UFBsJtWe6hxR2_Ik8gPLgD4Y58kCUvrwXgM-tvtsQ
CHALLENGER,xdajbFeap1P6XdBKn8qQZErd73qlI6BbRzOUftlCccJcVgbe1yynFQQA1WtFrzj2tNUBBWSzw3RFbA
CHALLENGER,Snk33Gppb7Cqur4TkKZILJYI9eh5OVfEotGuMIwcm2bosFeIeH3_-yydMo5n1UUidtTVG64L-HXB8w
CHALLENGER,Ma9ynMXnQu2lLyNDRVt-l1kZTFq-sgRJMU0N0BXgiwN2agjo-IP7M0CP6CjzcDOqodpQeUVav_J2gw
CHALLENGER,NnpOzbJOgSWVITqzkHOnm-wyzB4IZufuEhtAJ6H6xg-IEAhp2MVnyDiExdawQEz07jEkSpk-8jVtZA
CHALLENGER,kU8k7hmlwfAiYny1XXun-t8QZtxrBBGBp3LBh4YTcyvgqbZkHDRjpjQ7WRl017c3lj4LsefazUtAFQ
CHALLENGER,DA9HgL94DLnUv1ceXk1DDBCkwu1eE2UEeyha5mDclc-tnjZ4CaPvlokeGSsSXEfD7rDHMMaXk4xqPw
CHALLENGER,VLhG6ZZoRAYnlgiGj9VB2tcKUdDNWM4RhDAIjuuth0HNzjaJdaFmkmId5X9ClxtcQRdG85XwnUGSBA
CHALLENGER,IrI8Y-BEDtQXxAggyjfz1EbPC03h3MblpDjNbNS2fyBKJwSqzZ8YbcS8IoXYMLDa688AEytIDkgeHg
CHALLENGER,41fjBX4ptzEMHZgs1E3GeTOsB-sBaK3tPbQ1qzFsio7ZON0BcQRIiBV7JqzTobPbccsKO1mGb1us1A
CHALLENGER,2cZOBzy5tWcKBRZm3ftsU-frQvfu9YTgtqVo_aeILN3xYoJAB1_408CKnqExhvPRfE0Lecz3eWJz7w
CHALLENGER,hQgOuH6-7imGQfquN7MJIsS81B1w0lCBWpFslikHMox0iCzxrRG0zNdJj2mV2pHvynx_XybrF2yl0g
CHALLENGER,7yN_G5-cEZ7sl_EnRK5qf4S823YWf7cAzoeFg7daPQsmUhk3O6dUg5jg2H8iTR92Dg0-JUZenFlVUg
CHALLENGER,w4ODkNXJM8NmB3rH3FuWJgasIG3K72LAd9vpkSDxJeWopILCkgpj1EIURpqlLKQHDlLXeQHmoV62LA
CHALLENGER,lFswMuiP2kpDn6QjWrnoSHMP5Onh7I9hMDbdMVeskq8VXB29OfRLZ_9XI5V4FaJzYMGYvptLoJ1gbg
CHALLENGER,OXdgxhuE3e9dgWV6YIOxbAunPSawH4M68BXiPqxOPsxakvUpsBuersrATvxW3x3ezAOgoSud8r_zjA
CHALLENGER,c41XrJ5ulg9Dg-2ZGJnR-vgWPNDngR-Xe9vdldXhoihHzjK87pWwcyWMRrjAYgygrid-v9hFHdDZug
CHALLENGER,9gdtDWN62IFmX9-VailPY7xpbFMj12tQm1QMmHEb8kwECyojIKREA4E-ZNoL7WrdyMQnWJLuWf_HbQ
CHALLENGER,_cVQbxY_N2nvQTuHxOeo0auucgDfVCi_Oc_gpvSR4BTkuM5EmxU60syTxwpbUTa0wYns9O8_Jfm-Mg
CHALLENGER,Bx0Y7BlttYR4ZWnmdCy8_VZ6xoIQKytrqXbQqhG73m3NFA4riFjFFkRRTg-O4feB9FEdTgV-4OMrOg
CHALLENGER,35Wls0TAkGkl5LSpVRz4TDiDWn9OhJunGU_qrL3BEN_lx-wBJvkWBRklRje5x1LesETmDKwZMhkUSw
CHALLENGER,FuzsbroKuS_STjiQyG2EjNEDgBTFaKjEWo2fw18RgI1Xag_S8U3JVbzXAWyNlxji0R60M7Se7V_g7g
CHALLENGER,75v5tfzzk1IPo6LzgjNRvLkd8O16yeuZyYoqQ80hQtj420yw50EHoNGuLIDuiXl2y032NepQxadu_Q
CHALLENGER,9goo-VAMSi6RkmtarUyceu6ErZpYT_4NlU4Rne6NcoezTW2ReZzz8dAYp5cWaYWumdYA02ioCwo5pg
CHALLENGER,-6a7brNPEBH9JbRovpMDQYp3c7IlR76j9L3acdLBu6dxwbWjURnjzkhFFY6qMs-EqYJtClSWmEuNcA
CHALLENGER,zN-5USTRSMr8_WLt9N3OfOUKMhfsx8a36OBEz8xzEyL-C9cmzXeePiKhmrKajXU5UDn247F7qH23bA
CHALLENGER,BBojnnEzQSzm0qO09Bcp5KOR0QVnwZO8HnSIQQPQS4DUfeW2W1XwgUezn3U6ZdXb_aZguRV8lzFuyA
CHALLENGER,uPGdHUBMab2L3NrTjGhVWG8xQWlhZOhWhVHgCruYLxV9PiEtPYtmv95mY7LzgqaxyOxSM87BBMYL2Q
CHALLENGER,piggkxauZ_OwI1nh3R3-zYFS82ej3FBriZj1N5ch-AMURj0Z8nicOP0gUjQywpiW3k_fgcd30OJ1Og
CHALLENGER,IbukvXXUgRF1IEMsj-lNaUEUxMw5kzPQrYidjdqNXSHnEXCx6Ava9GDSvt8U5eEj52Bf_q5EVYoQFA
CHALLENGER,xQqI6BcWJv-LM_npD3wtfIvg_CDB-trPljwJ-G__GvbKhF8H_Cddl88RbtsJQMV-ZsufP_PQildyUQ
CHALLENGER,eOcRSSpMBLpwMoZCJN487JX-OK000DlE-Bz4WzxgK5_n6J3nN0ox4M7EfBBySLjWASy90I5CXGpuMA
CHALLENGER,BS7JgDw20w05iLoBU-T0WYGkuigfI7O1udr4tvw7dkPJlz0W5oW-WoonEbR3KpQIA3n5xke4dE3BIg
CHALLENGER,-O9rRNfvLYPcWk0zx_NbhjUyzF1XD2Bs_n1OTNj-noUVnqwDx-jlncpETEjK5W3BOjjf08fVWQAP4w
CHALLENGER,cyAKctsHemQUPRKNSl33Wf6Grm5ithIu983IsScw_YKXV6a1-eVMnt5Rv1QTzrhvTlN6Potm_Wol3A
CHALLENGER,1GIZkSGgc_p5vGfIuQpCpaPU-1oKAEe3X_vOhuu_vj1A4Lhhki1RGXSxRfO3KepsAYFVib_UER6ZPw
CHALLENGER,nk-6pmJjdl0Z4kRqoOn_KBsqVIhanJ_Ac_TPqL6DzTt_lnqkuppZ_g23g7x-T_l-ok77p-K5M3AQhg
CHALLENGER,3nVjHH0xW-jhPzoR-ayLIz93d0YLimD0wMgTjisbqPdmq6zHeY-1vy388r1nEc_yaBW2ta7EI3f0_g
CHALLENGER,GfLjrB3lRTdSzmRIaSCR8XaJ6tfCApofrwuMdfOytwV2VNJEMwgZ7Lb_tT2CrLLokSqaK6SQMR5VOg
CHALLENGER,9FuETPWuQYUvdF_ciLyqaJ_K-7HobP2LQeOT2NQWRjcB09jkDsmbeOE8_x4XPVBb_SwcMYV2O1dgKg
CHALLENGER,8lzXMLZaknIk-NI-HXODBSRJ7Tbpts8v-_Cedjm75Z5Gc6j-C0I9BnlF1uC9a7uTaHX1wykiTIaKIA
CHALLENGER,GdBglzQJLD0LgKHelcLp93ShAU3w1ipVFtYbKUJ2944swweYK3fDoiaQUwyS94_t_agPdQdKXbQeSg
CHALLENGER,4XEFvZ6i379vGp4ftkGc6fvuFc6pVUBFYouJybNRKtFfpcU80vLuo8a9Z0VK2_v2mxPDTDKT8q8PpA
CHALLENGER,rvav3Vpux7loYyH_KqsksiWtaMYmH7dW3cN5jhbD9ZewWat6FJ6QZE8fwcwtxgpBLDu5zSWvmElXfw
CHALLENGER,2PyJNu88JP3zwea4VsXd0v-gKM5RICorC1d1jSu3mM662DkbT8d7kEbWJrGTPbW5Fk0304ao9h-tDg
CHALLENGER,OQviOXEgxfTjavuG6Df9BL7RlSoM1pQtauewjZf2c7HW3nPQ_SVEgIbNRAVs_gc1DOqYWTAguxp7YQ
CHALLENGER,uMyZKP1zrbkHYoOrcLGeKAPw3hNudgMAO1Zo5GKrXLVYC34dOnR3O9U5olP4dvFZthiZ-zds2FcwWg
CHALLENGER,7W6rMnY96JB1YjaxuIUhqYmWaGlHpjpbxNNung59hmUtaxqtooWZR-fa6e_8nZEAauwA2ztxr1TeFQ
CHALLENGER,hCgAkumQI9imUJxmoHZQQhgI2RkUOTbh7jkFMtn1-v_li2_tKG1x__59FpwBoEH034khDG5-bN38dw
CHALLENGER,u6uME2_R2eqfELa1tbGAPzM7k5mMPsyp9CoOPrkgOI8xIKdxy8CkSFKXxEj126KlbK5B_M18VwY3fQ
CHALLENGER,kWWtRchBrUOoWlbu8O-dceVF7aHF3VBC8KBmgmGffE2VF1Slqc-tPlKL9N4bV9U8xL3DyYpRUMMeJg
CHALLENGER,uXE-jwMW-dQHn7ygsyypBxmAXwrSL8TcTNvmPC_f3qzqtq4dnBTdhkdWWJfJ6eF-e-1XUZZYLxdDFA
CHALLENGER,lKhKd1KFWSkY85j5sYRQ05_5lh22-CmiHZE-5vgObrbYfITIU-kBwZ9BegcxrSbM5waV_YBbMh3u7g
CHALLENGER,3sOnLxfh56fUspXD5BpCRGE75OaHVCi37-gifxv-EcLZPfPVWcG40EQ6wJ4KoohCaSrIqFmZiJtdSA
CHALLENGER,eY4MZaPThsSs_brLMddQJAEIFr0tRAm6HobJrNciP4lQudiKKNhkPsO4rx-IAKV6BRhRxtFP-Y4ieA
CHALLENGER,ZBS_sYqOCwVh0wW4EkdUcNu4kSkzyfEIqrF5ho1-yBYI6fXuu8B_JBiwuP8YJ_gojqWCFDzd6fL5-w
CHALLENGER,m-NF-dfIQjWImydGeYBccSD34N7JL_hc0aLKp0lm-rkgwKiwV_pngkantur9cGF6Y5H7RXvLBkt1Uw
CHALLENGER,EIrtr56nJgfOk2tlrlRslu_SOKcCAhzm9vxYIlT89y6oAHzGwPUuvAADhW4TBEN6nFEJMsFkZb4CTw
CHALLENGER,O5yrT5mQG4D6LngdZYFwLIHujulo_0L8kzW_wOt7NsxKrdpe2UPB3-A36dgnqwbKQiXESLxix-iTsw
CHALLENGER,x-mu7ssxT-IxdpRUfOUNIqYabRNzgC4JhQMYYmmi4VawqYzBJJJqFd5qlhlqzKWTxTzN_SCrwyGVTg
CHALLENGER,k0mKxEFJT5Qo6UTtMJBLVnNFeJMtWFVB-1eWv4El1uI1DpJhoonUrC4EBWSOGlbGMBLIsXXkZZe68Q
CHALLENGER,8jc4Zag4z9FO4gTCMDGev8tqw5LOLLia64DMQkI2bNi-9PPpnf0n8AJ3AcTAjjIoo4-hFqYYPygDQA
CHALLENGER,qoGgipx0bey7LvZdFToCRBygaiYZ6vKr_vdPPA09zxPBjgeyfYrAVgfJd1h4wBl6iIrkmSJQ_qVbHg
CHALLENGER,t2rvFLCtZYfaSE2KuqNM-ePz3Ir0lL6fLDueRdYmaRyRBBosbzXH0sBPG4t1VTDUxaeQupS1VEnEww
CHALLENGER,qzcGFJIjc0-PpARRZfABA24MvrwhsaG46FZ8jGN9_ooK-poBIdUm6wvSBr2JXNgI529P2ina9OrtUA
CHALLENGER,h51hRW7Z4J3iHoKsSFW-p8DaMqJNAf3tCnJbY_XYPC86GKrDLI3QAl_9MpCO7keM-fhdpZYdxJs9TA
CHALLENGER,kcCI5GCNrxCZSpT2OpBzqgRMu0VtDfZpRRIqkwfpRppaqJ9VH5AigTeJ1sZOPenzTPytARu6CuvoxQ
CHALLENGER,hMTTAyJVxD-QKWKxEyOszmpJ8IZEcHKMxBAYNe-O0rvnBpang_TR3SBLIY8qkMoC86H_cSxIlmRLxA
CHALLENGER,u6pGOxM69_Q6YJZ6TQaPoub4JZYv2bODq8aqIpFwzM65ajXvfyA75CgOyIbDEk9vNiaG3t4JTXEp9Q
CHALLENGER,PmK9pSPYwfm1xLjZHa2C-R4Rhm6V63V4Wc0Ez6GuNyOQ_sAMzX47R8RXjE0tKg-yc_hR9LXaJoqkGw
CHALLENGER,cnWHZ6BPNZXHkhJvtxfVXxhig2FNYW2iZyphYauxLVZBVM6HzFvLS6qjmO4vrS0U5kiAxXRPc3fizg
CHALLENGER,E1Jm_wdm1IttzmBkRtKDlMjB62XqRNf9uMYon2MVA6zZZh-46cnViDm6CbKwd-stqMnwnjhwHeKQ-Q
CHALLENGER,4kXYqPQ8N-3N0vyvo4XgLu_tdDSYmxxaSsR1lCwoa1W0NV90hAAjcPok1wCVSwqHrMDnouYySURDsA
CHALLENGER,RDwpM1Bdmy-VoBuJ-ZzBZCdJVNunueCxPqYWtM7cVXAj1Sf9uxW3xMHmaaVwMTa3KX38CtzhVUcK2A
CHALLENGER,pJipHPLTOPG9gDSIBR3y5lzF2_5b-ix0aDo2AloDk68PVxqc6oHA-T-FHUZfGosZRrHk0e548e37cw
CHALLENGER,kqY-YDgPAVCh-gtmc_6gmaJ8paoslbWZtSLihHbfab17JUrNJDKIoFMiSPlzc5jJGVA6dRP0lkz7YA
CHALLENGER,xoHZyGO1rK849KdxsgpTClCnflIZek4PCdKf7GzI0TGpHOyhzpKubuEjmDeCU6zneIb1zsDiYleerg
CHALLENGER,inWPvSPuZa3TcT0F1ubQ0bkqv3pO8NgYYyL3-FMD_B4qkBK77UE4ZV4SBkYvDVTeV8UqgEdhjr8x2Q
CHALLENGER,yerxHnvgCRMmeQlyTK4qxw8f56kZL4skfSAZNhXC4Jl25s8tfU_ZFK6D3aIKhPXA7k69cBIi3Gg4eA
CHALLENGER,EBWPUtbz9rhmPtW5RLvFvwe1j81oUW50_Sh-ErVT5JWc8EzCEz45AjVu9Z4B7TfKq4FI7VlehFtfxg
CHALLENGER,jjgVL0t717gTDmkRorri6hLx7tlwBDAbPwzhfR9qZzWWNioHDHufHOx8MiT7qsaJWFSGK3t22pu-lQ
CHALLENGER,LVgL_Z9feXr5nR_KMP7apa4Cn_Q5ONNvjPJZbXSLzoXaALCFSUf5XMtJEsw3CB5UGCWOj0BMKEAunw
CHALLENGER,vnoTkiGkN5QtAOpKiq16bzl6Ltgms3pzpiv0R006LqEnqA7SVT2oXNcxuECdwkk_OSHfXmX1xDLX3w
CHALLENGER,IkBx7wJLjwE4vDLiY3slIGURFZaXLGW-EMRU6Xy5bMbQkU7K6xywq-REjeURJM3AFcf9dWvhwDI7dA
CHALLENGER,OgPp4YcEZwmHlkhphsqqCmr2OAiSnUCKC9DRYy5OO4GS58OwEir8iTdrcdIevCMfjjX2guptAbJEfw
CHALLENGER,isyx2l_keViaYkca0tDLrHsuwVNQgyaPYqt4eqNMnC1nnPwauZBByqFnKmdfScnSvpThak-cfM41nA
CHALLENGER,CxCFJBQQv98iRMAJP-z-gGdu5wd6WOA92lsBcVeiPa0dE3vgQ3-z25H0FXUphE-KTn5xQ6tM_I9rjA
CHALLENGER,4cPTIDhWhiBdBwLijW5JPEzsJQAoq0NBD3pAeRfIbYkRs9_XoGzyysc2cVAGNmNRe3miJmyhvVX2bw
CHALLENGER,0-o-3r0ZAGrjTcTCsWtUYRqo8ceP6eMxD9Zk7RKG_edOggxjLwLU-5i-vLjeTepQ_1BzIoxEmHPOCQ
CHALLENGER,1X3Yka1XCIjGcwy_L2gCQNJhzkK4CytNKPhnSL0D47PwBWGDoDHmTcPqImmeQQ32QV5BsziSHsw0IA
CHALLENGER,pKPflajI3jAVK1zAL8kVKC8XlOM1wZeRW1GCIrd3R3j5wmAdL5NvWblO8V7ObnDBtnbvgZyPrRhyMA
CHALLENGER,RrP25IXjGGmwJ3qHDzutEGlHN3NHkHkr5lpkw37xuE6PiDSxpI3Y8ZZLanszWL797uTaQFEHXNPTAw
CHALLENGER,Ek3xKJqzOc0hPsmnX_YPCT-UjJgZ3e2-jT3S0UgSgmqM6o2VS2ympnQJfseIq88N9Nq2I-2CqLoAcQ
CHALLENGER,Rg-X9M-3DjASSXgPt5eCn_yFXtcl7VyEwz7y4QRHxveTwZ5RhdiEHFjm7muXDQqJXd02VpNVGH14xQ
CHALLENGER,IHRZo6fJecShRGMmitO5UzzmwJaJBobBRtRHYaC6hSduIdxowAh3knRQEseeYsaw0bU8Ukw_xFidgw
CHALLENGER,OUZYgtZgjzm5dFMGsCScX4MQl2Bym4-rF3BWNwPoWOVyew8_8_HdcM-5qmVI2zW1D5VstWFdfOESeA
CHALLENGER,u1zeUolMBjd0utLCZgawFCcqZdceuCXRkGsbK6BgunRLqR63ZnBkiSv0bu6_zxoTwikA0Xk42NMV3A
CHALLENGER,iK2a8R4jeu-ISf17rdGgL-S7OA7D-vHM71TDdUs3Sj0BRp22e-8HWB2ID5VcSEZCkUaj0riOP0nTvQ
CHALLENGER,T5niSbUYmt7xK9nE8inwKShLkFvh9bi-Lsg_jQfQPTWGrPvkX9whULaF6ll-Ky0asrbYriVqYJSiVg
CHALLENGER,FSMqMwYCP662xSoGEsSBxK2WEIbaoOrelNkAxLoyF_Io4YyrYax5tIxPa7khxTq3821_dY-eBaVu2Q
CHALLENGER,7546Y48FQaFuCNeOcSu4e1pImcLxKUbsUYAKzWCELu5H05-FXl_xkxnglKj-ytT3z8OOX09CE4Fm_Q
CHALLENGER,bC09P7y5V9f7NDhBInkCltjI6XfchutAbqB9MqfJ_qI7QD7pWSgtxaXUvyQ8_Q0Mb-l904f-rwvi3g
CHALLENGER,LYI4RXMGKiDIXuWbhhyKUiUCtNot-emu-lm2WFX2Trj27UcHxmq-XtMnY8xM6tEkDOyZ6uPkxsOQgQ
CHALLENGER,TGN87_ilvyKKaO0F9Z0yyQF8w9GVDxRLYZ9oecxfJSjakJwO3qDtj6R_gtNOAhh7S7R-2j_0dY6vyg
CHALLENGER,ucFGEp7uEVswUUickODd_cZTb9FjzvaaMIFdhyLBAg4bHtEwZM9kjoR23Pn73XH78ZWJPsMuypndGA
CHALLENGER,4gnh1fFAqkQDocoq0DMEKX109L8hTk8PwsPIZplK34PnkP4Hoy3N2RBEL-1OohrFTdMm2rj-TDfogQ
CHALLENGER,NBrisBwVhbwmOzA6EIfuUXxqssXk-56GkGmscuHaoG6LWEh_df18ATXA4MukDX_m5-cofEU7SUkBTg
CHALLENGER,xJy7PSQLUsMDw2nV9s0O1WX62V2ogvypqjD3gZTpLUZBI-ty1ucLB-uVB2ftd_QUwOX33odpq8vwJQ
CHALLENGER,rsF9U0e88PdyYPdRalGSgX6484mnAiX9F2yospp08z1WlZXSM8jJumSSZ7xXAFfKnuO9OISlGWR98A
CHALLENGER,goo3-S1R05hR0p-Xf16P34h6YWPLlOiwlUgXOD0JA29Vi82xKLlPMGNJyRN9SUIUSTyqSR4fV-HC_w
CHALLENGER,TOAkfgaEMyT44OipYITaRb8dpfcDc-1Q1jFVkcJ0LagChq2m0rIKXYTOVkDkfIP_fw1XfqTM0AoZ9g
CHALLENGER,eCU5gjBGrJO43NBv1KHAMEwv470qnLYninA9G2B1Axq4K54dZ0q4XTKqLi4xUDHp2zn9nxVYG6AZYA
CHALLENGER,ZmAQtQ6EFfPn25H25YD1GnvHRlNnhhXjj_kkidVjTF95HF6ekgwAFbz-E9rBEadqRnI1VBb6FgChpQ
CHALLENGER,-Qs1bS-ipLP7pnnneahoMZRGUtTiSsXTv4-MSyF-3vsl0fOsBuHUClJFOJEC6OBgFsOYhvzWZo06XQ
CHALLENGER,Ld-wgdPeEArKtpYZBu8G2MaeIMuCQ3uRd-4EBq6jJvaviLTFDgn8c6PeklLKH70oIUakz4JXbwX0QQ
CHALLENGER,uC2nahyg7L84WBjsy1n-F7Vj69wg2VMwtqtx9RW1YFT5JjuWPUXyntRgjMjwTTd0C-do-fOMBYw8XQ
CHALLENGER,0at33OMT4hh7U_ByoNR7VV60yQbGpBnppisKvooEiV08e-ZSAl5JgJBBWVMbjxY6vPGGRl2BVdWcmA
CHALLENGER,e6lo7xmY9-sLksO82rpSVfp-UXucaLFdiotwELKyHdn-XMIJ1K5Hf7u7tytRpJ9pTaHOSGQpKHSflQ
CHALLENGER,ZKnSE5aYFhD6bTlshOTp_Hp8WuS9zMZjHS6IGuXoCQ5pKSellzhBoV16fRW4dvWdcMsWlgNv2FAPHg
CHALLENGER,j1wwmoyNjyynLX-S7ZV8nR7aFFdKIb-gfcPtKVgmYL9IKBHyD3bC8LYRsFoF5iy3uuTGT1b3gCYzFA
CHALLENGER,D0ung2l9gVhPvAECN-gpcLXJwubh5F0KFkwWK0MNABQUFv061ymCPMDxEwppY4NyyH2jQOLX8_PX4w
CHALLENGER,6EeTvQYGk1FHlpAfC7H9SDGZKBy798rLjPn3fUHEEnRMi3QuakmO3d6veoMkFmpz2GNDkBOqTY5D7A
CHALLENGER,Pkxs8U09B7Llp2x9ONsaeSfFFR29bU7siw_J1uwP8GwEG2GSzRb9jrU0z4qzBzCgki5Ck7vapmVZvA
CHALLENGER,6GBu5a5J8YyUPFNoKiLRMPcn8XeABHiiJ81WJ4cAwOi9OYiX3tggXaAdM-ay99vntkC8tDojQMN_eQ
CHALLENGER,kJ-JkL1MdvJ0qdSEsJfGhIG7toZP_fEIs7JIFPT_x5RMvWUeRf0zH-t2GBw9ayT8xLThQtPsyWHQkw
CHALLENGER,5vBfcrO5AA8DW10sURxJCJZ7hegwjNvCKW0iNbrvTXx6k6_qbh8RCV-bHq52Yc1Z8MeszlvkchQjHw
CHALLENGER,QYDcKox1rqjfPXi6SRaPdXP-VrAfHQf95tWQxV4mwO_INnY41GDZb3WXZ0E-vulDbxZ3eMBvNl0DbA
CHALLENGER,pkzyue_gPby2hukCJrFfQote_yexgimFMqvagVyzxn5ocqoOu8PBodTZHfyf-MibbhjAfa_SqVjtNA
CHALLENGER,VtpKHsGS3TCGbyPvIXYb1vBx3nH92dLH-oI55VC2zJr6lnuc_wJE04tL5Jfd_pGfnZ_axj1zzYuggQ
CHALLENGER,xzQ70H4_ybJ_cCWJcTYG5H-vC4m5ZL0vKzSI_roQ289AEDVe5sOS_ECay2PFQR-Fz46JSqf2oTzrYg
CHALLENGER,N-YjEQ97ioRZ0MFqznivYZ12XV3SVPQZZswYZV9fvqLresd30QR9EcSV8_iIiJuELdG234FyoHmsfw
CHALLENGER,PFg6oacRspLkGD0gcdJh0kw0eHK_y0A7D9yZKeX7nu3MIyn9Bsjqily-3Uqog7_zdpTPEv5KMo39Gw
CHALLENGER,MYl62ldsUT2Jkgbmub0iaufSzmCKqZh_FzIQu2kBjrzFQDYu8hKmGSD1ZbGLLO2f588m9JhMnUH-DA
CHALLENGER,kTOBbqnWyUydI4AUYOq28fBSYDruLLL3S9yhY8HzJzL9ucpxnHjcIK6LbskKQA4KNa-3vm62wC2bKg
CHALLENGER,J4TKSU5ebfdNil17cZLgBMilByGTq-6oSEU6HMLlpQRElAz9cvfF8h1Ye2dOz3_ndYZKoVnzwCsCFA
CHALLENGER,2CeyiEvKZk92lRkTTzwJvm-Oq0Pf7YU0PWsv2gKbzXenMZm2_iDByLiMABBseQmPTpa6nTGTK1NKLQ
CHALLENGER,W5wqNLbMFEPhrOYEDXgal-MHFRdYxbwYG7irhMm-w-dVnI4zxfq8x6PLXQCCxuSjvpE3Xl5kZveiAQ
CHALLENGER,5MCEWuESGBinwdLxgM86lHX5jzzrzlDB6rQ67KTcC_LIXz_caImdBmKMbTSvZEO4rsjkCTvnFSPpOQ
CHALLENGER,XGMLE7D439ZTA5gfQETLUvrdHhEN7_BeaNEXroCfXhnV4oZjaFy_pbL_sncn1rMOlAtiLpRibU7U9g
CHALLENGER,9_OJIF_dOuU9OXo2Km3bdZQCBbLVdUQzObiRCPF6nXeyv9FjH3dmd2ZeRX6dB94fWxarThKDhQ8aLg
CHALLENGER,DOnd_Iq6i7pqD07H0rHwVUXVl0fZKkterBbDSfF2FQppSokpKA6S3fP62OWDz3i5GYj-CTHZLTyRkw
CHALLENGER,9hq-qhv3rzPpcBKTWVPU-exyWkoR-UFUlLQLGahxLyq58ib4JDniRLy1lFMYDGI8Rhmms8J80JpgYA
CHALLENGER,fjcqm8_yeNJXv2pq5JnPAzY6Cnf4RadryYz0gaUMCgMJgRXCI30a36p5TbfDw7yf422uvxdb0OpuOQ
CHALLENGER,q9sx68oVnbznwhMUwu1j9hQVunCFHYULXHrB1jdiG6QwXG5-PVNtOPXaDDQjsFsJ2ctzw5m4w54TrQ
CHALLENGER,QMMnVYostqenN_bofNvvoD4Y0gKghkp9M8iIcfnHci7n2XrMzgK6iDu-XF_PQmHIytJwnd3TEyzzGA
CHALLENGER,ABtz6nDfBdz6dNWvniJ8_5KjiuDO_ryHB55Cv1unMfPK5Thp9pF0n0BjFfhFqO7PT1T82rQmYHYlKw
CHALLENGER,K_UxCl4eLvVMI_lr6gJsnqMgad8RXHxmjPf7-ytk-3jLaKNQUQzjvtjOrEZhd3YhZ3OEPV_GC1pLbg
CHALLENGER,LZPVBkwbsHm_u_yYfeOutXJ8Hy0ersQV7WcjcI135-Meb5t5r3G0IDdNv_0e1aeiTm8FmphMfWuwaw
CHALLENGER,PJkScnvQAOI3je1qmOlXN-Abz_uYtRR76BMlSlZ7_gpPYOyzgK9rlAmYAT6jvXs5_G-apZuVWA_Iag
CHALLENGER,2mcEtrEoiLVWEmGe7esjhfKTm642tg2_Psm3rvQsvEFYo2SOqscBuQBOwqtt-fQoQv0hHli1pYVR4w
CHALLENGER,UZ7B2UMNg9EzosBOvs7419fT4GmPkPnisevGVLTofq7DAAs5CyCZUY_XR2XxuSZAptCCJmdxMV0XNA
CHALLENGER,E3ozQd9TOHOv0CxEYMCrz6JZ_EPyIMGTOU83rkhBBlkFbAAOEo54frhFjbYH6DXN1a2zN4nd06-tLg
CHALLENGER,JCq9c4Cssqwbf1TzxZI93xtuA5gaGjR5ho6Sv1Pms3FTcPOKP9cGkjAt2UwnycE-K-iB5w1S2Oj1MA
CHALLENGER,dIKdPEr7jIKeJ3NDAb0E68ol_JBnVtm_ouJbVPzOS9PNsDSuh42SAMFxpv3TkSGsSx5VuMtVD2xSkA
CHALLENGER,hfQceMf6tLVMNSb-cJ7-FGUVy4yu-Knd6lMgevGtYVYHNU43OLa99xjG8S9OURiiYo2eAkUfKsa53w
CHALLENGER,C_AAVKu5nXYxhbzE5RfN016GD9tIJm5nmfLbgb1EcUO3bNLVEABPMrrzcGQhopN4ykOWxZToBQvllA
CHALLENGER,enJFRV7bqseD9oKs7fTefbwhQ2yvjD5z-bqiIfcm7g9_xnQWQulXKCv36k3RNQ1BIQ9SBljwRtdhtg
CHALLENGER,NiN6bKY8kO7QlnnERyp63ZGVEN2vl8vWRYYt5JZN00jXKFDGAmW1M5yKa2sa0P8Wt3hGi_i9-DV7GA
CHALLENGER,yrnoxlxFyPs7cRd7-YIF-K5QbvUkf4AoLO-PCflibb3akU2jpQS7U25FfC5IKUq921gsa4l6sPeSTA
CHALLENGER,YUKePYEBUq8n-OV9PKM049xKkx8ID3Gpu9thOxC8JKKCnQHmIB-E9TFwLP2m31ReIwnNElwlTrxuzA
CHALLENGER,JZM8nX_RYujPxNZY_mE85GhwWCOnWLyPZxrSCc0fRHwyGmVIM-RGbDIHEKSNPlUhkwG6mGScEhFW2g
CHALLENGER,e1VbrbrHY2H7DLs6U82rAguMxXYX6TWb7ncq7hk9e-wnRoyANNmHo7hZSja8zSYd_Iu8yK8hoa2EGA
CHALLENGER,PTsQBokOoRUZgC2yPiQHTooL7gPEgaqGy3S7hHBgRPpEWBMkrrbwA2NCmHbyTmH1mO-XcRr5Fc0jIw
CHALLENGER,wyZHBPrpN1JjSEhDimtn-EWtwMwp_xN_-k3WnylYH78YZcCnRLyc-5tXM4KbvRTOlgHY-O7-qgbBKw
CHALLENGER,g5OtI3szClTQ1rAxXJXjngX7aZGIKwigEl-IB8dXDIA7ud9fnDuw5b8Gkq54Ui9fNT1SZsBqA1AdGw
CHALLENGER,Q86RT-7zBxyjedewT6MPeXPsk4MH3Y8nH6YfM8C1D2Uv7IjP4kN55WFdE_ST4fHQBBI4j99rgG9DCg
CHALLENGER,_sqUJWZw3GuBK6WZBInwdmoMGF0kccmlEHW8dPeCbdCjN3nv9sH-6dCqhC4CJntXgwmg41VbViwh_Q
CHALLENGER,IeKjl-dVOdFi07k9WDEi6Btc6NgHK1bbOzi096vuZaYxnVPHpGXUE-Btkd55eYmUXaiMXUWN0kX0Sg
CHALLENGER,KJ6-Csg0JEmaQ-uQ5Fwa-fFHwMsgYR0EEbzd4sYZmqrYTR1a6Z-_736qCZRcRvsWTRbdqYmlTohNlQ
